title,content,excerpt,category,subcategory,status,author_display_name,created_at,image_url,views,likes,read_time,tags,is_trending,priority,local_images
Netflix and Warner Bros.: A Blockbuster Deal That Could Redefine Hollywood,"# Netflix and Warner Bros.: A Blockbuster Deal That Could Redefine Hollywood

Hollywood is no stranger to drama, both on and off the screen. But few stories have captured the industry's attention quite like the monumental agreement between Netflix and Warner Bros. Discovery. With a proposed deal valued at a staggering $82.7 billion, Netflix is making a bold play to acquire Warner Bros. Discovery’s storied studio and streaming assets, including its beloved HBO networks. This isn't just a simple merger; it's a real-life tale with a powerful suitor, strategic gambits, and plenty of cliff-hangers that will undoubtedly reshape the future of entertainment.

### Table of Contents

*   [The Blockbuster Deal: A New Chapter for Hollywood](#the-blockbuster-deal-a-new-chapter-for-hollywood)
*   [The Strategic Playbook: Why Netflix Wants Warner Bros.](#the-strategic-playbook-why-netflix-wants-warner-bros)
*   [A Look Back: Warner Bros.' Tumultuous M&A History](#a-look-back-warner-bros-tumultuous-m-a-history)
*   [Impact on Theatrical Releases and Content Creation](#impact-on-theatrical-releases-and-content-creation)
*   [Regulatory Hurdles and Rival Interest](#regulatory-hurdles-and-rival-interest)
*   [What This Means for Viewers and Creators](#what-this-means-for-viewers-and-creators)
*   [The Road Ahead: Netflix's Vision for the Future](#the-road-ahead-netflixs-vision-for-the-future)


## The Blockbuster Deal: A New Chapter for Hollywood

On December 5, 2025, the entertainment world collectively held its breath as Netflix reportedly reached an agreement to acquire Warner Bros. Discovery's studio and streaming assets. This accepted $82.7 billion deal, which includes the iconic HBO streaming networks, signals Netflix's most aggressive move yet to solidify its position as a global content powerhouse. While the ink might metaphorically be dry, the real-world implications and finalization processes are just beginning to unfold, promising a transformative period for the entire industry.

![hollywood-sign](https://upload.wikimedia.org/wikipedia/commons/thumb/5/5a/Hollywood_Sign_%28Zuschnitt%29.jpg/1200px-Hollywood_Sign_%28Zuschnitt%29.jpg)

## The Strategic Playbook: Why Netflix Wants Warner Bros.

The strategic rationale behind Netflix's massive acquisition is multi-faceted and ambitious. For years, Netflix has invested heavily in original content, but acquiring a legacy studio like Warner Bros. instantly grants them access to an unparalleled library of intellectual property, production capabilities, and established talent. This deal would see Netflix become an even more dominant force in the global entertainment market, drastically increasing its content offerings and competitive edge against other streaming giants.

Netflix's vision extends beyond mere content libraries. The company is already planning a significant presence at CES 2026, armed with its pending acquisition. Their focus at the tech expo will reportedly be on hospitality and potential announcements in emerging technologies such as gaming and metaverses. This indicates a broader strategy to integrate Warner Bros.' rich universe of characters and stories into new interactive experiences, pushing the boundaries of what a streaming service can offer.

## A Look Back: Warner Bros.' Tumultuous M&A History

While the prospect of Netflix taking the reins of Warner Bros. is exciting, it's impossible to ignore the historical context. Warner Bros. has a somewhat checkered past when it comes to major corporate transfers. Previous deals, such as the Time Warner merger with AOL and the later acquisition by AT&T, led to significant value destruction, reportedly wiping out over $50 billion for Time Warner shareholders and more than $40 billion for AT&T shareholders. These deeply flawed strategic rationales have cast a long shadow, leading many to cautiously hope that this time, with Netflix, it will be a case of 'third time lucky.'

## Impact on Theatrical Releases and Content Creation

One of the most contentious aspects of the proposed Netflix-Warner Bros. deal revolves around the future of theatrical releases. Netflix has historically favored a direct-to-streaming model, challenging traditional film distribution. Reports suggest that if the $82.7 billion deal goes through, Netflix is keen to drastically shorten the theatrical window for Warner Bros. films, potentially reducing it to a mere 17 days. This would be less than half of the current length and could further squeeze an already struggling theatrical distribution industry.

However, there's a counter-narrative. Netflix's co-CEO, Ted Sarandos, has expressed commitment to the theatrical window, suggesting a nuanced approach might be adopted. The reality is likely to be a hybrid model, balancing the desire for quick streaming access with the prestige and revenue opportunities of a theatrical run.

For creators and writers, the deal presents a mixed bag of emotions. While some, like long-time Hollywood reporter Joel Stein, express panic over such a massive consolidation, there's also an underlying acknowledgment of Netflix's innovative spirit and ability to produce diverse, high-quality content. The acquisition could lead to more avenues for unique projects and a greater global reach for Warner Bros.' extensive roster of talent and intellectual properties, from the gritty fantasy of Game of Thrones to the sharp family drama of Succession, and the expansive DC Universe.

## Regulatory Hurdles and Rival Interest

Like any deal of this magnitude, the Netflix-Warner Bros. saga is far from over. A significant challenge lies in securing approval from competition regulators in both the US and Europe. Concerns about market dominance and potential monopolistic practices are likely to be thoroughly scrutinized, making the regulatory review a critical cliff-hanger in this Hollywood drama.

Adding another layer of intrigue, reports suggest that Netflix isn't the only suitor. Paramount, under the new Skydance Corporation, is reportedly eyeing Warner Bros. Discovery's legacy networks business. While the specific details of this potential bid are still under wraps, it highlights the intense competition for valuable media assets and the complex web of negotiations constantly at play in the industry.

## What This Means for Viewers and Creators

For the everyday viewer, this deal could mean an unprecedented consolidation of premium content under one roof. Imagine having immediate access to HBO's critically acclaimed series, the vast DC cinematic universe, classic Warner Bros. films, and Netflix's ever-growing library, all within a single subscription. The potential for curated content experiences, cross-promotions, and innovative bundles is immense.

For creators, while the initial concerns about consolidation are valid, the increased resources and global platform of a combined Netflix-Warner Bros. entity could also unlock new opportunities. The ability to pitch ideas to a single, powerful studio with deep pockets and a worldwide distribution network could be a game-changer for ambitious projects.

## The Road Ahead: Netflix's Vision for the Future

Netflix's acquisition of Warner Bros. Discovery assets is more than just a financial transaction; it's a strategic move to future-proof its business in a rapidly evolving entertainment landscape. By integrating a vast content library and established studio operations with its forward-thinking approach to gaming and metaverses, Netflix aims to create an immersive ecosystem that transcends traditional streaming.

This deal signifies Netflix becoming an even more powerful, conquering giant in the entertainment world. However, with regulators and rivals still in the wings, and the complex integration challenges ahead, this is just the beginning of what promises to be one of the most compelling stories in modern media history. The industry, and indeed the world, will be watching closely as this saga unfolds, eager to see how Netflix reshapes the future of how we consume stories.","Netflix's proposed $82.7 billion acquisition of Warner Bros. Discovery's studio and streaming assets is poised to be one of Hollywood's most significant mergers. This seismic shift promises to reshape the entertainment landscape, impacting everything from theatrical releases to content creation, but faces considerable hurdles.",Entertainment,Netflix,published,varun ,2026-01-05T00:00:00.000Z,https://encrypted-tbn0.gstatic.com/images?q=tbn:ANd9GcS-id13XkRx1ax0RYaBmd7ASi_PgDqldf6FLw&s,1,0,6 min read,"[""Netflix"",""Warner Bros. Discovery"",""Acquisition"",""Streaming"",""Entertainment Industry"",""Hollywood"",""Media Merger"",""Theatrical Window"",""Content Creation""]",false,low,{}
India's Gaming Renaissance: From Players to a Powerhouse Ecosystem,"The Indian gaming landscape is in the midst of an exhilarating transformation, shedding its image as a nascent market to emerge as a global powerhouse. What began as a niche hobby for a select few in the 1990s has exploded into a dynamic, multi-faceted industry, increasingly shaping cultural and economic narratives across the nation.

## Mobile's Unyielding Grip and a Shift in Focus

Mobile gaming remains the undisputed king in India, acting as the primary gateway for millions of new users. By 2025, mobile devices are projected to command over half of the Indian gaming market share, a phenomenon fueled by the widespread availability of affordable Android smartphones (often under USD 150) and highly competitive data tariffs. This accessibility has led to a staggering number of annual downloads, exceeding 8.45 billion in 2024, with revenue growth consistently hitting double digits, further bolstered by expanding 5G coverage across the country. Even entry-level devices are now powerful enough, shipping with 6GB RAM, to handle more demanding mid-core games without performance issues.

However, the narrative is evolving beyond just sheer player numbers and downloads. The industry is maturing, focusing intensely on player behavior, motivation, and the intricate systems that drive long-term engagement. This structural shift moves beyond simply accessing games to aspiring within them, from short-lived hype cycles to robust, sustainable ecosystems. Casual and hyper-casual titles still lead the market, making up a significant portion of the share with their quick sessions and social loops, but more competitive genres like battle-royale and FPS are experiencing rapid growth, largely propelled by titles like Battlegrounds Mobile India and Garena Free Fire.

## Gaming as a Social and Cultural Fabric

Gaming in India is no longer a solitary activity; it has become a powerful social layer, a blend of entertainment, fierce competition, and a crucial component of social identity. Community is increasingly becoming the core driver of spending and engagement. We're witnessing a proliferation of creator-led events, unique community formats, and thriving grassroots esports initiatives, which are proving to be more effective retention levers than traditional marketing campaigns. The emphasis has shifted significantly towards skill expression and social recognition, standing shoulder-to-shoulder with content updates in terms of importance.

This trend underscores gaming's deepening integration into everyday life, transforming it into a cultural, technological, and economic cornerstone. Hardware spending, too, is becoming more purpose-driven, reflecting a discerning player base that values performance and personalized experiences.

## A Transformed Investment Landscape and Regulatory Clarity

The year 2025 marked a pivotal moment for India's gaming industry, ushering in comprehensive regulatory reforms and structural changes that reshaped existing business models. Critically, there's been a significant industry-wide pivot away from real-money gaming (RMG) towards esports, social gaming, and the development of original intellectual property (IP). This regulatory clarity has been a turning point, redirecting capital towards more sustainable opportunities in game development, core technologies, and gaming-influenced interactive media platforms.

Investment momentum is robust. Global players like Krafton are committing substantial funding to local studios, fostering the creation of culturally tuned AAA pipelines. Domestic giants like Reliance Jio are leveraging their network ownership to build defensible ecosystems, integrating cloud distribution, device bundles, and streamlined billing solutions. Innovators like SuperGaming are developing proprietary low-spec engines to broaden reach among budget handset owners, securing major brand deals in the process. Even the Web3 space is seeing entrants like Kratos Gamer Network exploring blockchain applications.


## Gearing Up for the Future: Technology and Indigenous Narratives

The future prospects for gaming in India are undeniably bright, promising continued expansion. Technological advancements are key, with immersive experiences like augmented reality (AR) and virtual reality (VR) steadily making their way into the mainstream. The rise of cloud gaming is a game-changer, democratizing access by removing the need for high-end hardware consoles, thus enabling broader participation in global gaming events.

Local developers are receiving a significant boost, empowered to craft games deeply rooted in Indian culture and narratives. This focus on indigenous IP not only resonates strongly with the local audience but also showcases India's unique storytelling potential on a global scale.

While the industry's growth trajectory is strong, it operates within a broader global economic context that presents its own set of challenges, including managing expenses and navigating market uncertainties. However, with its burgeoning adult user base, technological innovation, and a robust, community-driven ecosystem, the Indian gaming industry is well-positioned to not only overcome these headwinds but also solidify its standing as a truly global leader.

In essence, India's gaming sector is at an inflection point, poised for durable, long-term growth driven by scalable models, original IP, and a rapidly expanding global distribution network. It is steadily cementing its place as an indispensable cultural, technological, and economic layer in the daily lives of millions.","India's gaming industry is rapidly evolving, transcending mere player counts to become a deeply integrated social and economic force. Driven by mobile accessibility and a shift towards community-centric engagement, the market is attracting significant investment and fostering local innovation. ",Entertainment,Games,published,varun ,2026-01-05T00:00:00.000Z,https://wallpapers.com/images/hd/pubg-thumbnail-guy-with-unicorn-gun-fxfghw4cjit2gcsl.jpg,0,0,4 min read,"[""gaming industry India"",""mobile gaming India"",""esports India"",""India gaming market"",""gaming trends"",""tech"",""investment in gaming""]",false,medium,{}
India’s EV Revolution: Latest Electric Vehicles (2025–2026),"### Why EVs Are Trending in India Now?

* Rising fuel prices pushing demand for alternatives
* Government support (FAME, state subsidies, tax benefits)
* More affordable battery packs and localized production
* Expansion of fast-charging networks across cities and highways

## ⚡ Top Latest EVs in India (2025–2026)
### 1. Maruti Suzuki e-Vitara

Maruti Suzuki has officially entered the 4-wheeler EV space with its first all-electric SUV — the **e-Vitara**. It’s expected to target the mass market with a strong driving range and practical features.

🔗 **Launch updates, price & specs:**
[https://www.hindustantimes.com/car-bike/maruti-suzuki-e-vitara-live-launch-and-latest-updates-price-variants-range-colours-101764643788449.html](https://www.hindustantimes.com/car-bike/maruti-suzuki-e-vitara-live-launch-and-latest-updates-price-variants-range-colours-101764643788449.html)

### 2. Tata Harrier EV
Tata brings its powerful road-presence SUV into the electric era. The **Harrier EV** aims to deliver long range, premium interior tech, and high safety.

🔗 **Harrier EV details:**
[https://en.wikipedia.org/wiki/Tata_Harrier_EV](https://en.wikipedia.org/wiki/Tata_Harrier_EV)

### 3. Mahindra BE 6
A sporty **coupe-style electric SUV** built on Mahindra’s new EV-dedicated platform. The **BE 6** focuses on style + performance with a high claimed range.

🔗 **BE 6 overview:**
[https://en.wikipedia.org/wiki/Mahindra_BE_6](https://en.wikipedia.org/wiki/Mahindra_BE_6)

### 4. Mahindra XEV 9e
Mahindra’s premium electric SUV offering, packed with smart features, ADAS support, and futuristic dashboard layout.

🔗 **XEV 9e details:**
[https://en.wikipedia.org/wiki/Mahindra_XEV_9e](https://en.wikipedia.org/wiki/Mahindra_XEV_9e)

### 5. Kia Carens / Clavis EV (Upcoming electric variant)
Kia is expanding its EV lineup in India, and the **Carens electric version** is expected to serve families looking for space + efficiency.

🔗 **Carens overview:**
[https://en.wikipedia.org/wiki/Kia_Carens](https://en.wikipedia.org/wiki/Kia_Carens)

### 6. Tata Curvv EV
A stylish, budget-friendly **electric coupe SUV** from Tata Motors, blending modern design with practicality.

🔗 **Curvv EV overview:**
[https://en.wikipedia.org/wiki/Tata_Curvv_EV](https://en.wikipedia.org/wiki/Tata_Curvv_EV)

### 7. Hyundai Creta Electric
One of India’s best-selling SUVs now available in a fully electric version. It supports **DC fast charging**, premium cabin upgrades, and a clean modern UI.

🔗 **Official Creta Electric highlights:**
[https://www.hyundai.com/in/en/find-a-car/creta-electric/highlights](https://www.hyundai.com/in/en/find-a-car/creta-electric/highlights)


## 🎬 Latest EV Videos 

### 1. Upcoming EVs Overview

<iframe width=""560"" height=""315"" src=""https://www.youtube.com/embed/oc47Sq34vEc?si=uu2TeA3HpcUfRTvy"" title=""YouTube video player"" frameborder=""0"" allow=""accelerometer; autoplay; clipboard-write; encrypted-media; gyroscope; picture-in-picture; web-share"" referrerpolicy=""strict-origin-when-cross-origin"" allowfullscreen></iframe>

### 2. Tata & Maruti EV Launch Lineup
<iframe width=""560"" height=""315"" src=""https://www.youtube.com/embed/vq0VQB3cZrU?si=7NiCl5nSMiC8Rm0A"" title=""YouTube video player"" frameborder=""0"" allow=""accelerometer; autoplay; clipboard-write; encrypted-media; gyroscope; picture-in-picture; web-share"" referrerpolicy=""strict-origin-when-cross-origin"" allowfullscreen></iframe>


### 3. Mahindra XEV 9e First Look
<iframe width=""560"" height=""315"" src=""https://www.youtube.com/embed/OAcnovi_Xak?si=dYwtWYejx3vgcU96"" title=""YouTube video player"" frameborder=""0"" allow=""accelerometer; autoplay; clipboard-write; encrypted-media; gyroscope; picture-in-picture; web-share"" referrerpolicy=""strict-origin-when-cross-origin"" allowfullscreen></iframe>

## 🔌 EV Charging & Battery Tech Trends

* Indian brands are moving toward **locally manufactured battery cells**
* Fast chargers are being installed at malls, highways, and metro stations
* **Two-wheeler and 4-wheeler EVs now support high-speed DC charging**
* Many new EVs come with **5-star crash safety ratings**


## 🏁 Final Thoughts

The year 2025–26 marks a turning point for EV adoption in India. Buyers now have:

* **Affordable city EVs**
* **Family electric SUVs**
* **Premium futuristic EV crossovers**

With every new launch, EVs are becoming safer, smarter, and longer-range — making India one of the fastest-growing EV markets globally.
","India’s electric vehicle market is accelerating faster than ever. With new launches from top automakers, longer battery range, premium tech upgrades, and better charging infrastructure, EVs are shifting from “future tech” to “everyday choice.”",Automobile,EV,published,varun ,2026-01-05T00:00:00.000Z,https://stimg2.cardekho.com/images/carNewsimages/userimages/32818/1721015841175/ElectricCar.jpg,0,0,3 min read,[],false,medium,{}
Ashish Chanchalani's 'Ekaki' Chapter 4 Unleashed: A Deep Dive into the YouTuber's Cinematic Masterpiece,"# Ashish Chanchalani's 'Ekaki' Chapter 4 Unleashed: A Deep Dive into the YouTuber's Cinematic Masterpiece

In the ever-evolving landscape of digital content, a true artist is one who isn't afraid to step out of their comfort zone and redefine their craft. Ashish Chanchalani, a name synonymous with relatable sketch comedy and uproarious vines, has done exactly that with his ambitious web series, 'Ekaki'. Far from his usual comedic antics, 'Ekaki' plunges viewers into a world of suspense, mystery, and profound human emotion. With the recent release of 'Ekaki' Chapter 4, the series continues to captivate audiences and solidify Chanchalani's position as a versatile storyteller. Let's break down this groundbreaking series and its latest enthralling installment.

## Introduction: Ashish Chanchalani's 'Ekaki' Chapter 4 Unleashed

Ashish Chanchalani, a titan of Indian YouTube, has consistently pushed the boundaries of digital entertainment. While his 'Ashish Chanchalani Vines' (ACV) channel is celebrated for its brand of observational comedy and exaggerated characters, 'Ekaki' represents a dramatic departure. This suspense-thriller web series showcases a side of Ashish that many fans hadn't seen – a serious actor and a visionary producer. The journey of 'Ekaki' has been one of intrigue, intense performances, and a narrative that keeps viewers on the edge of their seats. With Chapter 4 now available, the plot thickens, delivering more twists and turns that promise to elevate the story to new heights.

## From Vines to Vision: The Ashish Chanchalani Phenomenon

Ashish Chanchalani's rise to stardom is a testament to the power of authentic content and consistent engagement. Starting his YouTube journey in 2009, he truly gained traction in the mid-2010s with short, relatable comedy sketches. His unique style, often featuring exaggerated reactions and a diverse cast of recurring characters, resonated deeply with millions of Indian youth. With over 30 million subscribers, ACV is not just a channel; it's a cultural phenomenon.

### The Evolution of ACV

Over the years, Ashish has experimented with longer formats, brand collaborations, and even short films. However, 'Ekaki' stands out as his most ambitious project to date. It's a clear signal that Indian digital content creators are no longer content with just being 'YouTubers' but are aspiring to produce high-quality cinematic experiences that rival traditional media.

## 'Ekaki': A Paradigm Shift in Indian YouTube Content

'Ekaki', meaning 'alone' or 'solitary' in Hindi, aptly describes the thematic core of the series. Launched with significant anticipation, the series quickly garnered critical acclaim for its gripping storyline and Ashish's transformative performance. It explores themes of isolation, psychological distress, and the blurred lines between reality and illusion, all wrapped in a taut thriller narrative.

### Genre and Premise

Unlike the lighthearted content ACV fans are used to, 'Ekaki' delves into the psychological thriller genre. It follows a character grappling with mysterious events, paranoia, and a sense of profound loneliness. Each chapter meticulously unfolds pieces of a larger, unsettling puzzle, demanding the viewer's full attention and speculative engagement.

## 'Ekaki' Chapter 4: A Masterclass in Suspense

The latest installment, Chapter 4, intensifies the mystery surrounding the protagonist. Fans have eagerly awaited this chapter, and it delivers on all fronts, pushing the narrative forward while introducing new complexities.

Here's the full Chapter 4 for your viewing pleasure:
<iframe width=""100%"" height=""400"" src=""https://www.youtube.com/embed/DDryy8xMuac?si=BUnOkGgiIZPh608s"" title=""YouTube video player"" frameborder=""0"" allow=""accelerometer; autoplay; clipboard-write; encrypted-media; gyroscope; picture-in-picture; web-share"" referrerpolicy=""strict-origin-when-cross-origin"" allowfullscreen></iframe>

### Key Plot Developments (Spoiler-Free Overview)

Chapter 4 deftly builds upon the foundation laid by previous episodes. Without giving away crucial spoilers, it's safe to say that this chapter deepens the psychological torment of the main character, introducing new elements that challenge their perception of truth. The pacing is deliberate, allowing tension to simmer and then boil over in critical moments. Expect revelations, unexpected turns, and further questions that will keep you guessing until the very end.

### The Emotional Core

What makes 'Ekaki' truly stand out, especially in Chapter 4, is its ability to evoke profound emotions. Ashish Chanchalani’s performance is raw and vulnerable, allowing the audience to truly connect with the character's struggles. The chapter explores themes of trust, betrayal, and the psychological impact of isolation, making it a powerful watch.

## Beyond the Laughs: Why 'Ekaki' Matters

'Ekaki' is more than just a web series; it's a statement. It demonstrates the immense potential of independent digital creators to produce high-quality, genre-bending content that can stand shoulder-to-shoulder with mainstream productions.

### The Versatility of Ashish Chanchalani

To pivot from being one of India's funniest creators to delivering such an intense dramatic performance is commendable. 'Ekaki' allows Ashish to showcase his range as an actor and prove that his talent extends far beyond comedy. This move inspires other creators to experiment and explore different genres, enriching the overall digital content ecosystem.

## The Craft Behind 'Ekaki': Production & Direction

'Ekaki' boasts impressive production values. The cinematography is moody and atmospheric, perfectly complementing the suspenseful narrative. The sound design is a masterclass in building tension, utilizing unsettling silences and sudden, sharp noises to keep the audience on edge. Every shot, every cut, and every musical cue feels intentional, contributing to the overall immersive experience.

### Visual Storytelling and Sound Design

The visual language of 'Ekaki' is distinct. Dark color palettes, claustrophobic framing, and effective use of shadows enhance the feeling of isolation and paranoia. The soundscape is equally crucial, often playing a more significant role in building dread than dialogue itself. This meticulous attention to detail elevates 'Ekaki' from a typical YouTube series to a truly cinematic endeavor.

## What Lies Ahead: The Future of 'Ekaki'

With Chapter 4 leaving viewers with more questions than answers, the anticipation for future installments is palpable. 'Ekaki' has successfully established a complex narrative world, and fans are eager to see how the story will conclude or if it will expand into a multi-season saga. Given Ashish Chanchalani's dedication to quality, whatever comes next is sure to be thoughtfully produced and impactful.

## Conclusion: A Bold New Chapter for Indian Digital Storytelling

Ashish Chanchalani's 'Ekaki' is more than just a series; it's a powerful statement about the evolving landscape of Indian digital content. It proves that creators can successfully transition between genres, deliver compelling dramatic performances, and produce high-quality content that captivates a global audience. Chapter 4 is a testament to this vision, deepening the mystery and showcasing Ashish's undeniable talent. If you haven't started 'Ekaki' yet, now is the perfect time to dive into this thrilling and thought-provoking journey. Prepare to be hooked, disturbed, and utterly impressed by the cinematic prowess of Ashish Chanchalani.

What are your thoughts on 'Ekaki' Chapter 4? Let us know in the comments below!","Ashish Chanchalani's 'Ekaki' Chapter 4 Unleashed: A Deep Dive into the YouTuber's Cinematic Masterpiece In the ever-evolving landscape of digital content, a true artist is one who isn't afraid to step out of their comfort zone and redefine their craft. Ashish Chanchalani, a name ...",Entertainment,,published,varun ,2026-01-05T00:00:00.000Z,https://i.ytimg.com/vi/DDryy8xMuac/hq720.jpg?sqp=-oaymwEnCNAFEJQDSFryq4qpAxkIARUAAIhCGAHYAQHiAQoIGBACGAY4AUAB&rs=AOn4CLD6TVvSrtbtjTNPo1di_a-iSZ8xKQ,0,0,6 min read,"[""Ashish Chanchalani"",""Ekaki"",""Ekaki Chapter 4"",""Indian YouTuber"",""Web Series"",""YouTube Series"",""Suspense Thriller"",""ACV"",""Digital Storytelling"",""Indian Content Creator""]",,,{}
Marvel's Avengers: Doomsday – Latest Intel for 2026,"

# Key Plot Intel: The Multiversal ""Incursions""

Recent leaks suggest that Robert Downey Jr.’s Doctor Doom is on a mission to eliminate individuals responsible for ""Incursions""—the collision of two universes.
The Steve Rogers Connection: Rumors indicate Doom may target a variant of Steve Rogers (played by Chris Evans), potentially punishing him for creating a new reality at the end of Avengers: Endgame.
A ""Mutant Utopia"": Magneto (Ian McKellen) reportedly leads a ""mutant utopia"" that becomes threatened during Doom's multiversal crusade, forcing the X-Men to ""throw hands"" to protect their dream.
Loki’s Multiversal Avengers: Some reports hint at Loki assembling a diverse team of heroes from across the multiverse—including Ghost Rider, Blade, and Tobey Maguire’s Spider-Man—to face an army of Doombots in the Void.

# Cast & Creative Team

• The Russo Brothers have returned to the director's chairs, reuniting with writer Stephen McFeely to helm this massive ensemble. The confirmed cast list for the film is already expansive:
Returning Icons: Robert Downey Jr. (Victor von Doom), Chris Hemsworth (Thor), and Tom Hiddleston (Loki).

• Newer Avengers: Anthony Mackie (Captain America/Sam Wilson), Letitia Wright (Black Panther/Shuri), and Simu Liu (Shang-Chi).

• Multiversal Guests: The Fantastic Four (Pedro Pascal, Vanessa Kirby, Joseph Quinn, and Ebon Moss-Bachrach) and various X-Men legacy characters.

• Teaser Analysis: ""A New Mask, Same Task""
Footage shown at recent Disney marketing expos highlights a darker, more personal tone.

• Nostalgia vs. Duty: One leaked sequence features Steve Rogers holding his iconic suit from Endgame in front of his old home, emphasizing the emotional cost of his return to action.

• Doom's Origins: Potential flashbacks or variant backstories may link Doom to a version of Tony Stark who ""lost faith"" in the Avengers after the Blip, using Stark-tech to conquer the multiverse.



For official updates and future ticket information, fans should monitor the Official Marvel Movies Site or check listings on IMDb.","Key Plot Intel: The Multiversal ""Incursions"" Recent leaks suggest that Robert Downey Jr.’s Doctor Doom is on a mission to eliminate individuals responsible for ""Incursions""—the collision of two universes. The Steve Rogers Connection: Rumors indicate Doom may target a variant of S...",Entertainment,Marvel,published,varun ,2026-01-04T00:00:00.000Z,https://images.thedirect.com/media/photos/doomsday.jpg,2,1,2 min read,[],,,{}
Avengers: Doomsday - Unpacking the Latest Intel on Marvel's Next Epic Saga,"# Avengers: Doomsday - Unpacking the Latest Intel on Marvel's Next Epic Saga

The murmurings have grown into a roar, and the tremors are now a full-blown earthquake in the cinematic universe. Forget your everyday ""doomsday"" scenarios – we're talking about *Avengers: Doomsday*, the monumental Marvel Cinematic Universe event that promises to redefine superhero storytelling as we know it. With its release date drawing closer, a flurry of exciting updates, tantalizing trailers, and juicy rumors have surfaced, giving us an unprecedented look into what's undoubtedly one of the most anticipated films in years.

As dedicated chroniclers of all things tech and entertainment, we’ve meticulously sifted through the latest intel to bring you a comprehensive breakdown. From surprise cast announcements to the confirmed integration of beloved mutant heroes and villains, buckle up – the multiverse is about to collide!

## Table of Contents

*   [The Countdown Begins: Release Date & Production Insights](#the-countdown-begins-release-date--production-insights)
*   [A Galaxy of Stars: The Assembled Cast](#a-galaxy-of-stars-the-assembled-cast)
*   [Mutant Mayhem: X-Men's Grand Entrance & Sentinel Threat](#mutant-mayhem-x-mens-grand-entrance--sentinel-threat)
*   [Multiverse Collisions: Unexpected Hero Showdowns](#multiverse-collisions-unexpected-hero-showdowns)
*   [Plot Threads & Character Arcs: What to Expect](#plot-threads--character-arcs-what-to-expect)
*   [Setting the Stage: The Road to Secret Wars](#setting-the-stage-the-road-to-secret-wars)
*   [Final Thoughts: The Doomsday Hype is Real](#final-thoughts-the-doomsday-hype-is-real)

## The Countdown Begins: Release Date & Production Insights

Mark your calendars! *Avengers: Doomsday* is officially slated to hit theaters on **December 18, 2026**. This much-anticipated film marks a pivotal moment for the MCU, acting as a crucial bridge to the even grander *Avengers: Secret Wars* in 2027. Production for *Doomsday* kicked off in earnest with a live social media event, celebrating the beginning of filming and unveiling a surprising number of actors joining the project. Filming itself is expected to continue through August.

Behind the scenes, the creative firepower is equally impressive. The film is being helmed by the acclaimed Russo Brothers, known for their masterful work on previous *Avengers* and *Captain America* films. They're collaborating on the screenplay with Stephen McFeely, a familiar name from their past successes, alongside Michael Waldron, whose contributions to *Loki* and *Doctor Strange in the Multiverse of Madness* promise a nuanced understanding of multiversal complexities. While some key department heads like the director of photography are yet to be officially announced, industry veteran Jeffrey Ford is reportedly returning to edit the film, and the legendary Alan Silvestri is expected to take on scoring duties, promising an epic cinematic experience from start to finish.

![Avengers: Doomsday Logo and Release Date](https://via.placeholder.com/800x400?text=Avengers+Doomsday+2026+Release)

## A Galaxy of Stars: The Assembled Cast

The sheer scale of the *Avengers: Doomsday* cast is nothing short of breathtaking, promising a reunion of familiar faces and a welcoming of long-awaited new arrivals. The initial live stream confirmation of the full cast was a spectacle in itself, featuring expected returns like Chris Hemsworth as Thor and, thrillingly, Robert Downey Jr. reportedly reprising his role as Doctor Doom.

But the surprises didn't stop there. Pedro Pascal is set to join as Reed Richards, adding another foundational character to the MCU. Fans can also rejoice at the return of Channing Tatum as Gambit, a character many have wanted to see on the big screen for years. Perhaps the most exhilarating confirmations came in the form of classic 20th Century Fox X-Men characters, with Patrick Stewart returning as Charles Xavier and James Marsden as Cyclops.

Recent whispers have only amplified the excitement, suggesting that even more iconic heroes from outside the main MCU continuity will be making an appearance. Reports indicate that Tobey Maguire’s Spider-Man and Hugh Jackman’s Wolverine are not only in the film but are also rumored to share a fight scene – a clash 25 years in the making! And for those keeping an eye on the next generation of heroes, Kathryn Newton, who plays Cassie Lang, has been spotted in *Avengers: Doomsday* gear, fueling speculation about her role and the potential introduction of the Young Avengers.

Here's a glimpse at some of the confirmed and highly rumored cast members:

| Character          | Actor             | Affiliation (Confirmed/Rumored) |
| :----------------- | :---------------- | :------------------------------ |
| Doctor Doom        | Robert Downey Jr. | MCU (Rumored)                   |
| Thor               | Chris Hemsworth   | MCU (Confirmed)                 |
| Reed Richards      | Pedro Pascal      | MCU (Confirmed)                 |
| Gambit             | Channing Tatum    | MCU (Confirmed)                 |
| Charles Xavier     | Patrick Stewart   | X-Men Universe (Confirmed)      |
| Cyclops            | James Marsden     | X-Men Universe (Confirmed)      |
| Spider-Man         | Tobey Maguire     | Raimi Universe (Rumored)        |
| Wolverine          | Hugh Jackman      | Fox X-Men Universe (Rumored)    |
| Cassie Lang        | Kathryn Newton    | MCU (Rumored)                   |
| Steve Rogers       | Chris Evans       | MCU (Teaser focus)              |
| Nightcrawler       | TBD               | X-Men (Teaser focus)            |
| Magneto            | TBD               | X-Men (Teaser focus)            |
| Beast              | TBD               | X-Men (Teaser focus)            |

## Mutant Mayhem: X-Men's Grand Entrance & Sentinel Threat

The integration of the X-Men into the MCU has been a long-held dream for many, and *Avengers: Doomsday* is poised to deliver in spectacular fashion. Character-centric teasers have slowly but surely pulled back the curtain on the film's narrative, with one recent trailer dedicated entirely to the X-Men. This teaser confirmed that major X-Men villains will indeed be fighting alongside or against our heroes.

Specifically, the new trailer confirmed the appearance of the towering, mutant-hunting Sentinels. This revelation aligns perfectly with previously leaked set photos that depicted the iconic X-Mansion's courtyard in a state of utter devastation, littered with craters and scattered Sentinel parts. It's clear that a massive battle has already taken place, or is about to, signaling a grim future for the X-Men universe. The teaser also hinted at the involvement of fan-favorite mutants like Nightcrawler, Magneto, and Beast, alongside Professor X. This deep dive into the X-Men's world, particularly the dark future implied by the trailer, has generated immense excitement and reignited discussions among the fanbase.

![X-Mansion Ruins with Sentinel Parts](https://via.placeholder.com/800x400?text=X-Mansion+Devastation+Avengers+Doomsday)

## Multiverse Collisions: Unexpected Hero Showdowns

With ""incursions"" and parallel realities being central themes, *Avengers: Doomsday* is set to feature some truly mind-bending matchups. The film is expected to explore multiple universes, building on the foundations laid by *Doctor Strange in the Multiverse of Madness* and *Loki*.

The most buzz-worthy rumor involves a showdown that fans have only dreamed of: Tobey Maguire's Spider-Man clashing with Hugh Jackman's Wolverine. While the context of this battle remains unknown, the idea of heroes fighting heroes to protect their respective realities is a compelling one that fits perfectly within the multiversal narrative. This isn't just fan service; it's a dramatic expansion of the MCU's scope, promising emotional stakes as beloved characters from different realities face impossible choices. The confirmed appearance of X-Men from the 20th Century Fox universe further cements the idea that *Doomsday* will be a celebration of Marvel's cinematic history, bringing together disparate timelines in a grand tapestry.

## Plot Threads & Character Arcs: What to Expect

Beyond the spectacle of a sprawling cast and multiversal clashes, *Avengers: Doomsday* is meticulously weaving together existing MCU plot threads. Tom Hiddleston revealed that the film will directly follow up on Loki's ""glorious purpose"" that he discovered at the end of his critically acclaimed Disney+ series. This suggests a significant role for the God of Mischief in the unfolding cosmic drama.

The character-centric teasers have also offered glimpses into potential story arcs for core Avengers. The first trailer spotlighted Chris Evans' Steve Rogers, while the second focused on Chris Hemsworth's Thor, indicating that these foundational characters will play crucial roles, possibly in new or unexpected capacities. The confirmed involvement of Cassie Lang and the hints towards a Young Avengers team suggest a passing of the torch and the introduction of a new generation ready to step up in a world facing multiversal threats. While specific plot details remain shrouded in secrecy, the focus on incursions and heroes from other universes suggests a desperate fight for survival across realities.

## Setting the Stage: The Road to Secret Wars

*Avengers: Doomsday* is more than just a standalone event; it's the critical prelude to *Avengers: Secret Wars*, scheduled for release on December 17, 2027. Rumors are already circulating about how *Doomsday*'s ending will directly set the stage for two fan-favorite characters to take center stage in the subsequent film. This strategic storytelling ensures that the stakes in *Doomsday* are incredibly high, as its conclusion will undoubtedly reshape the MCU for years to come.

The intertwining narratives of these two films imply that the consequences of *Doomsday*'s battles and multiversal shifts will directly impact the roster and challenges faced in *Secret Wars*. Expect cliffhangers and paradigm shifts that leave audiences clamoring for the next chapter.

## Final Thoughts: The Doomsday Hype is Real

From its star-studded cast to its multiversal ambitions and the long-awaited integration of the X-Men, *Avengers: Doomsday* is shaping up to be an unparalleled cinematic event. The steady drip of information – from official announcements and trailers to credible rumors – has only intensified the anticipation. This film isn't just another superhero movie; it's a cultural phenomenon in the making, promising to bring together decades of Marvel storytelling into one epic, explosive narrative. Get ready for December 18, 2026, because when *Avengers: Doomsday* arrives, the MCU will never be the same.","Get ready, Marvel fans! The hype for Avengers: Doomsday is reaching fever pitch, with new details emerging about its release, an unprecedented cast, and a multiverse-shattering plot. We're diving deep into everything we know so far, from confirmed X-Men integration to shocking hero matchups.",Entertainment,Marvel,draft,Admin,2026-01-04T00:00:00.000Z,https://images.unsplash.com/photo-1488590528505-98d2b5aba04b?w=600&h=400&fit=crop,0,0,8 min read,"[""Marvel"",""Avengers"",""Doomsday"",""MCU"",""X-Men"",""Multiverse"",""Superhero Movies"",""Comic Book Movies"",""Release Date"",""Cast""]",,,{}
The Looming GPU Crisis of 2026: Why Your Next Graphics Card Will Be Scarce and Pricey,"# The Looming GPU Crisis of 2026: Why Your Next Graphics Card Will Be Scarce and Pricey

The years 2020-2022 felt like a distant nightmare for PC gamers and builders, characterized by elusive graphics cards and sky-high prices. While the market has largely stabilized since, whispers from industry insiders and supply chain reports are painting a grim picture for 2026. It appears we're on the cusp of another, potentially more severe, GPU crisis. This isn't just a fleeting blip; a perfect storm of pervasive memory shortages and unprecedented demand from the booming AI sector is poised to radically reshape the graphics card landscape, making your next upgrade a challenging and costly endeavor.

## NVIDIA's Planned Production Cuts: A Warning Signal
At the heart of the looming crisis are reports indicating that NVIDIA, a dominant force in the discrete GPU market, is planning substantial cuts to its GeForce RTX 50 series production. Industry sources from China suggest NVIDIA intends to reduce GPU supply by a significant 30-40% in the first half of 2026 compared to the same period in 2025. This isn't just a rumor; multiple outlets confirm this potential reduction, particularly impacting their next-generation Blackwell gaming GPUs. The RTX 5070 and 5060 Ti cards are reportedly among the first models expected to face supply-side restrictions, with more powerful offerings potentially being out of stock entirely from certain suppliers.

## The Memory Crunch: Fueling the Fire
Why such drastic cuts? The primary culprit points to a pervasive memory shortage that extends far beyond just GPUs. We're talking about a crunch affecting all types of memory, from GDDR7, which the next-gen GPUs will rely heavily on for their increased bandwidth demands, to standard DDR5 RAM kits for CPUs, and even NAND storage used in SSDs. This widespread scarcity is a critical bottleneck across the entire PC hardware ecosystem. The impact is already being felt globally, with repercussions expected to intensify. For instance, some major Japanese retailers reportedly halted new PC orders just before Christmas 2025, deferring deliveries until 2026 due to these widespread memory issues. This unprecedented move, especially during a peak holiday shopping season traditionally marked by robust sales, underscores the severity of the situation. Crucially, spot prices for 16GB DDR5 chips skyrocketed by an astonishing 450% in just the last quarter of 2025, leading to scalpers listing DDR5 kits for over $2,000 on auction sites like eBay. This massive increase in memory component cost directly translates to exponentially higher production costs for GPUs and, ultimately, significantly higher retail prices for consumers.

## AI's Insatiable Appetite: Redirecting Supply

While memory manufacturing struggles to keep pace, the burgeoning AI industry is swallowing up available supply at an alarming rate. The massive infrastructure build-out required for AI workloads demands colossal amounts of high-bandwidth memory (HBM) and powerful chips, often called AI accelerators. These specialized AI chips, utilizing cutting-edge manufacturing processes and premium memory types, effectively divert valuable fabrication capacity and memory resources away from traditional consumer-grade graphics cards. Companies investing billions into AI infrastructure are prioritizing these high-margin components, leaving a significantly diminished pool for the gaming and enthusiast market. This immense industrial demand creates a severe bottleneck, making it incredibly difficult for manufacturers to meet consumer needs, highlighting a classic supply-and-demand imbalance exacerbated by an emergent, extremely lucrative sector that takes precedence.

## The Price Shock: Expecting Higher Figures

For many, the most painful aspect of this impending shortage will undoubtedly be the inevitable price increases. Leaks and industry analyses from various publications predict that both AMD and NVIDIA are planning gradual but permanent price hikes for their GPUs, with changes expected to start as early as January 2026 for AMD, followed by NVIDIA in February. This move reflects not only the higher cost of components but also a strategic response to the shifting market dynamics. The RTX 5090, NVIDIA's forthcoming flagship, is now rumored to potentially breach the astounding $5,000 mark. While NVIDIA itself might officially attempt to avoid direct, blanket price increases on their end for their gaming cards, reduced supply invariably empowers their board partners (like ASUS, Gigabyte, MSI) to raise their own margins due to scarcity, leading to higher retail prices anyway. This table illustrates the potential trajectory, based on industry whispers and the escalating cost of components:

| GPU Model (Predicted) | Current Gen Est. Price (USD) | Predicted 2026 Price (USD) | Estimated Increase (%) |
| :-------------------- | :--------------------------- | :------------------------- | :--------------------- |
| RTX 5070              | N/A (Next-Gen)               | $800 - $1000               | -                      |
| RTX 5080              | N/A (Next-Gen)               | $1200 - $1600              | -                      |
| RTX 5090              | N/A (Next-Gen)               | $3000 - $5000              | -                      |
| AMD Next-Gen Flagship | N/A (Next-Gen)               | $2000 - $3500              | -                      |

*Note: Prices are speculative based on current leaks and market trends.*

## Impact on the Consumer: What This Means for You
For the average gamer, content creator, or PC builder, 2026 could sadly usher in a return to the frustrating days of yesteryear, where simply acquiring a new GPU felt like winning a lottery. Building a new high-performance rig will become a much more expensive and potentially elusive endeavor. The 'affordability crisis' in gaming hardware, which began to take hold some years ago, is expected to intensify dramatically, pushing high-end gaming further out of reach for many. If you've been eyeing an upgrade, particularly to the high-end of NVIDIA's new RTX 50 series, you might face severe stock limitations and be forced to contend with premium prices, potentially driven even higher by opportunistic resellers. This challenging scenario also implies less innovation and focus on the affordable, mid-range options, as manufacturers prioritize higher-margin, premium products for both the lucrative AI market and the enthusiast gaming segment.

## Navigating the Storm: Strategies for PC Enthusiasts

So, what can you do to prepare for this challenging landscape?

*   **Consider Current-Gen Hardware:** If you're planning an upgrade soon, it might be wise to consider acquiring a robust current-generation GPU while prices are relatively stable and supply is available. Waiting for 2026 could mean paying significantly more for similar performance or facing outright unavailability.
*   **Budget Carefully:** Start saving aggressively if you're determined to get a next-gen card. The price ceiling is set to rise significantly, and being financially prepared will be crucial.
*   **Monitor the Market:** Stay informed about supply chain news and retailer stock updates. Patience and quick action might be key when limited stock becomes available, especially for highly sought-after models.
*   **Explore Alternatives:** Cloud gaming services or optimizing your existing setup through careful software management and older hardware upgrades could become more viable options for maintaining your gaming experience without breaking the bank.

![gpu-shortage](https://c.files.bbci.co.uk/4E0E/production/_116628991_glorytographics.jpg)

## Looking Ahead: A New Era for Graphics Cards?

The impending graphics card shortage of 2026 isn't just another temporary market blip; it represents a fundamental shift in the tech landscape. The burgeoning AI industry's demand for high-performance memory and compute power is permanently altering the supply chain dynamics that once favored consumer electronics. While NVIDIA might be attempting to navigate this by cutting gaming GPU production, the underlying issues of memory scarcity and overwhelming AI demand are systemic. We are entering an era where access to cutting-edge graphics technology will be increasingly dictated by industrial requirements, potentially leaving individual consumers in a protracted waiting game. Prepare for a landscape where patience, planning, and a significantly larger budget will be essential for anyone hoping to build or upgrade their gaming PC. The future of gaming hardware, it seems, will be anything but predictable.",The Looming GPU Crisis of 2026: Why Your Next Graphics Card Will Be Scarce and Pricey The years 2020-2022 felt like a distant nightmare for PC gamers ...,Tech,Hardware,published,varun ,2026-01-04T00:00:00.000Z,https://static.tweaktown.com/news/1/0/109484_50_amd-and-nvidia-graphics-cards-will-be-more-expensive-in-early-2026-because-of-dram-crisis.avif,3,0,7 min read,"[""graphic card shortage 2026"",""GPU shortage"",""NVIDIA RTX 50 series"",""AMD GPUs"",""AI demand"",""memory shortage"",""GDDR7"",""DDR5 prices"",""gaming PC"",""hardware crisis"",""tech predictions"",""price increase"",""NVIDIA production cuts""]",,,{}
"Unlocking Value: The Best Smartphones Under ₹50,000 in India for 2026","# Unlocking Value: The Best Smartphones Under ₹50,000 in India for 2026

The Indian smartphone market is a vibrant battleground, constantly pushing boundaries and delivering incredible technology at competitive prices. For many, the sweet spot lies just under ₹50,000 – a budget that unlocks devices capable of delivering a near-flagship experience without the premium price tag. In early 2026, this segment is more exciting than ever, packed with innovations from leading brands like Samsung, OnePlus, Google, Vivo, and Motorola.

Whether you're a mobile gamer, a photography enthusiast, a productivity wizard, or simply someone seeking a reliable daily driver, there's a smartphone perfectly tailored for you. This comprehensive guide will help you navigate the best options available, ensuring you make an informed decision.


## Key Factors to Consider Before Buying

Before diving into specific models, it's crucial to identify what matters most to *you* in a smartphone. Here are the core aspects to evaluate:

*   **Performance:** For gamers and heavy multitaskers, a powerful processor (like a Snapdragon 8 Gen series or a top-tier Dimensity chip) is essential for smooth, lag-free operation.
*   **Camera System:** If photography is a priority, look for phones with versatile camera setups, good low-light performance, and advanced features. Don't just look at megapixels!
*   **Battery Life & Charging:** A large battery capacity combined with fast charging ensures you stay powered throughout the day.
*   **Display Quality:** A high refresh rate AMOLED screen offers vibrant colors and incredibly smooth scrolling, enhancing your overall visual experience.
*   **Software Experience:** Some prefer a clean, near-stock Android experience, while others appreciate the additional features and customization offered by custom UIs.
*   **Design & Build:** While subjective, a premium design and durable build quality contribute to the phone's longevity and aesthetics.
*   **5G Connectivity:** Crucial for future-proofing your device and taking advantage of faster network speeds.

## Top Smartphone Picks Under ₹50,000 (Early 2026)

### OnePlus 15R: The Gaming Powerhouse
![one-plus-15r](https://m.media-amazon.com/images/S/aplus-media-library-service-media/f59ec378-f5a9-4ab5-ad7c-f0824eaa4759.__CR0,0,600,450_PT0_SX600_V1___.jpg)

If raw performance and an exceptional gaming experience are your top priorities, the OnePlus 15R stands out as a formidable contender. Carrying on the legacy of the R-series, this device is truly a powerhouse in disguise. It often comes equipped with a top-tier Snapdragon processor, ensuring smooth gameplay even with demanding titles. Beyond gaming, it boasts a superb display, immersive speakers, and a massive battery that can easily last through intense sessions.

While its camera system is generally considered decent and gets the job done, the design might not win any awards for originality. However, if you're serious about gaming, the OnePlus 15R is arguably your best bet in this price range.

### Samsung Galaxy S24 5G (Snapdragon): Premium Experience, Clean Software

![s24](https://static.digit.in/DSC05572-scaled.jpg)
The Samsung Galaxy S24 5G (specifically the Snapdragon variant, where available) offers a premium, well-rounded experience. Known for its elegant design, fantastic AMOLED display, and reliable camera system, it's a solid choice for those who value an overall polished device. Samsung's One UI provides a clean and feature-rich Android experience with excellent longevity in terms of software updates. It’s praised for its clean user experience, making it a comfortable daily driver.

While newer models like the Galaxy S25 FE are anticipated, the S24 5G still holds its own as a compelling option, often available at attractive prices.

### Google Pixel 8A / 9A: The Camera King
![pixel-9A](https://static0.xdaimages.com/wordpress/wp-content/uploads/2025/03/google-pixel-9a.jpg)
For unparalleled mobile photography under ₹50,000, the Google Pixel series, specifically the Pixel 8A or the anticipated Pixel 9A, is the undisputed champion. Pixels are renowned for their amazing camera capabilities, thanks to Google's computational photography prowess. Even with hardware that might seem modest on paper, the software optimization delivers stunning photos, especially in challenging conditions. Beyond the camera, you get a smooth, bloatware-free Android experience directly from Google, ensuring timely updates and a pure user interface. If a top-tier camera is your primary need, look no further.

### Vivo X200 FE: Camera Prowess & Long Battery Life
![x200-fe](https://i.ytimg.com/vi/xEbiaOFIxmI/maxresdefault.jpg)
Vivo has been making significant strides, and the Vivo X200 FE is a testament to that. This device has garnered attention for its surprisingly good low-light photography, making it a strong contender for camera enthusiasts. What's more, it pairs its camera capabilities with excellent battery life, ensuring you can capture memories throughout the day without constantly searching for a charger. If you're looking for a phone that excels in both photography and endurance, the X200 FE under ₹50k is a perfect choice.

### Realme GT 7 Pro: All-Round Performance
![gt7-pro](https://images.financialexpressdigital.com/2024/11/REALME-GT-7-PRO-CHINA-LAUNCH1.jpg)
Realme has consistently delivered value-packed smartphones, and the Realme GT 7 Pro appears to be another strong offering in the under ₹50,000 segment. Known for its robust performance and excellent battery life, it’s a great option for users who demand a device that can handle everything from intensive gaming to heavy multitasking with ease. Alongside the Realme GT 6, this series provides a compelling blend of speed and endurance.

## Category-Specific Recommendations

To help you pinpoint the ideal device, let's break down the best phones based on specific priorities:

### Best for Gaming

For those who game extensively on their smartphones, a powerful processor, high refresh rate display, and efficient cooling are paramount.

*   **OnePlus 15R:** With its focus on raw power and a top-tier display, it's built for gaming.
*   **Realme GT 7 Pro / Realme GT 6:** These devices offer robust performance, making them excellent choices for demanding games.
*   **Motorola Edge 50 Ultra:** Another strong performer capable of handling intense gaming sessions.

### Best for Photography

If capturing stunning photos and videos is your main objective, these phones will not disappoint.

*   **Google Pixel 8A / 9A:** Unbeatable computational photography for stunning results in any condition.
*   **Samsung Galaxy S24 5G (Snapdragon):** Offers a versatile and reliable camera system with great image processing.
*   **Vivo X200 FE:** Excels in low-light photography and delivers overall impressive camera performance.
*   **Motorola Edge 50 Ultra:** A strong all-rounder with excellent camera capabilities.

### Best Battery Life

For users who need their phone to last all day and beyond, these devices excel in endurance.

*   **Realme GT 7 Pro:** Known for its impressive battery performance.
*   **OnePlus 15R:** Features a massive battery, ideal for heavy usage.
*   **Vivo X200 FE:** Pairs its camera prowess with excellent battery longevity.
*   **Oppo Reno14 / Reno14 Pro:** Offer reliable and long-lasting battery performance.

### Best Clean Software Experience

If you prefer a bloatware-free, fluid, and regularly updated Android experience, these phones are top-notch.

*   **Google Pixel 8A / 9A:** Pure Android with immediate updates directly from Google.
*   **Samsung Galaxy S24 5G (Snapdragon):** Offers a clean One UI experience with strong software support.
*   **OnePlus 13R:** Provides a relatively clean and smooth OxygenOS experience.
*   **Oppo Reno14 / Reno14 Pro:** Known for a streamlined user experience.

## Comparison at a Glance

Here’s a quick overview of some of the leading contenders and their strengths:

| Feature | OnePlus 15R | Samsung Galaxy S24 5G | Google Pixel 8A | Vivo X200 FE | Realme GT 7 Pro |
| :------------------- | :---------- | :-------------------- | :-------------- | :----------- | :-------------- |
| **Primary Strength** | Gaming/Perf. | Overall/Software | Camera/Software | Camera/Battery | Gaming/Battery |
| **Processor** | Top-tier Snapdragon | Snapdragon 8 Gen 3 (or equiv.) | Google Tensor | Mediatek/Snapdragon | Top-tier Snapdragon |
| **Display** | High Refresh AMOLED | Dynamic AMOLED | OLED | AMOLED | High Refresh AMOLED |
| **Camera** | Good | Excellent | Best-in-class | Excellent (low-light) | Very Good |
| **Battery Life** | Excellent | Very Good | Good | Excellent | Excellent |
| **Software** | OxygenOS (Clean) | One UI (Clean) | Stock Android | Funtouch OS | Realme UI |

## Making Your Final Decision

Choosing the best smartphone under ₹50,000 in India ultimately comes down to your personal priorities. Do you spend hours gaming? Is capturing stunning photos paramount? Or do you need a device that simply lasts all day? 

Before making your purchase, always remember to check the latest user reviews, ratings, and specific features of the products. The market is dynamic, and prices can fluctuate. What’s clear, however, is that this price segment offers some of the most exciting and capable smartphones available today, giving you near-flagship power without breaking the bank. Happy shopping!","Unlocking Value: The Best Smartphones Under ₹50,000 in India for 2026 The Indian smartphone market is a vibrant battleground, constantly pushing bound...",Opinions,,published,varun ,2026-01-04T00:00:00.000Z,https://i.ibb.co/bgsD0pRr/best-smartphine.png,2,0,7 min read,"[""smartphones"",""best phones"",""under 50000"",""India"",""tech reviews"",""Android"",""gaming phones"",""camera phones"",""OnePlus"",""Samsung"",""Google Pixel"",""Vivo"",""Realme""]",true,high,{}
OnePlus 15 Review: Has the Perfect Smartphone Finally Arrived?,"
## Introduction: A New Benchmark for Flagship Phones

Every year, the smartphone market buzzes with new releases promising innovation and perfection. Yet, rarely does a device truly live up to the hype across the board. Enter the OnePlus 15, a smartphone that has not only met but exceeded our highest expectations, earning a perfect score in our rigorous testing. Released globally on October 28, 2025, the OnePlus 15 isn't just an iteration; it's a statement, a meticulously crafted device that redefines what a flagship phone can be without radically reinventing the wheel.

From its stunning display to its beastly battery life and silky-smooth performance, the OnePlus 15 delivers an experience that simply leaves little to be desired. This review dives deep into what makes this phone a true standout in a crowded market, focusing on how it leverages a familiar flagship formula to offer unparalleled value and performance.

## Design & Display: Familiar Excellence

The OnePlus 15 opts for a sophisticated, familiar flagship design, leaning into proven aesthetics rather than chasing radical reinvention. This approach results in a device that feels premium in hand, with excellent build quality that we've come to expect from OnePlus. The focus here is on refinement and user experience, and it shows.

But where the OnePlus 15 truly shines is its display. We found the display quality to be absolutely exceptional, contributing significantly to its perfect overall score. Vibrant colors, incredible contrast, and buttery-smooth refresh rates make every interaction a joy. Whether you're scrolling through social media, watching high-definition content, or gaming, the visual experience is simply top-tier. It beats many of its rivals, setting a new bar for visual fidelity.

## Performance: Powering Your Every Demand

Under the hood, the OnePlus 15 is packed with solid hardware designed for blistering performance. Navigating OxygenOS is incredibly fluid, apps launch instantaneously, and multitasking is a breeze, even with the most demanding applications running simultaneously. Our comprehensive tests consistently showed that the OnePlus 15 is a powerhouse, delivering an overall performance that is nothing short of excellent.

This phone is built to handle anything you throw at it, from intense gaming sessions to complex productivity tasks, without a hint of lag or slowdown. It truly lives up to its promise of being a performance-driven device, demonstrating that you don't need radical reinvention to achieve peak efficiency.

![one+-15](https://cdn.mos.cms.futurecdn.net/ecwSm3DahHFQ4Xp6A7TTCo.jpg)

## Battery Life: The Unrivaled Endurance Champion

If there's one area where the OnePlus 15 doesn't just excel but utterly dominates, it's battery life. Frankly, it's a level of sorcery we never thought possible in a modern smartphone. The OnePlus 15 is widely celebrated for its exceptional battery life, routinely described as best-in-class, and our testing unequivocally confirms this.

In our grueling battery rundown tests, the OnePlus 15 astonishingly delivered 26.5 hours of screen time. Let that sink in. This isn't just good; it's mind-blowing, outlasting even the legendary Apple iPhone 17 Pro Max and leaving the Galaxy S25 Ultra (which itself manages a respectable 18.5 hours) far behind. Reddit users have echoed our findings, with many reporting that you can easily get two full days out of this phone, even with moderate gaming and heavy use. This unparalleled endurance means less time tethered to a charger and more time living your life.

## Camera & Audio: Capturing Moments, Immersing Senses

While the primary focus of the OnePlus 15 is on its core performance and battery, its camera system contributes significantly to its overall 'perfect phone' status. Although specifics on megapixels and lens configurations were not the highlight of early insights, the device's ability to achieve such a high overall score implies a highly competent and versatile camera array, capable of capturing stunning photos and videos across various conditions.

Beyond visuals, the OnePlus 15 also stands out in the audio department. It's been recognized among the best-sounding phones and tablets tested in 2025, offering a rich, immersive sound experience whether you're listening through its speakers or high-quality headphones. This attention to detail in both visual and auditory experiences truly rounds out the premium feel of the device.

![one+-15](https://forumstatic.oneplusmobile.com/opforum-gl/upload/image/front/thread/20251031/9276045441648119661/1983737245504372738/1983737245504372738.png)

## The OnePlus 15 vs. The Competition

To put the OnePlus 15's achievements into perspective, let's look at how it stacks up against some of its closest rivals based on key metrics:

| Feature             | OnePlus 15               | Galaxy S25 Ultra          | iPhone 17 Pro Max         |
| :------------------ | :----------------------- | :------------------------ | :------------------------ |
| **Overall Score**   | Perfect (5/5)            | Strong Contender          | Strong Contender          |
| **Display Quality** | Excellent                | Excellent                 | Excellent                 |
| **Battery Life**    | **26.5 hours screen time** | 18.5 hours screen time    | ~16-17 hours screen time  |
| **Performance**     | Excellent                | Excellent                 | Excellent                 |
| **Value Proposition** | Higher Value, Lower Price | Premium Price             | Premium Price             |
| **Design Focus**    | Refined, Familiar        | Feature-Packed, Premium   | Iconic, Premium           |

As the table clearly illustrates, while competitors like the Galaxy S25 Ultra and iPhone 17 Pro Max are undeniably strong devices, the OnePlus 15 stands out by combining an exceptional all-around experience with a compelling value proposition.

## The Verdict: Is the OnePlus 15 Truly Perfect?

After extensively reviewing the OnePlus 15, the answer is a resounding yes. It's a perfect phone. This device manages to beat our best expectations across every key criterion, including display quality, battery life, and overall performance. While some phones might marginally surpass it in one or two specific niche metrics, no other device currently offers such a universally stellar experience across *every* aspect.

The OnePlus 15 isn't about radical reinvention; it's about perfecting the familiar. It delivers a premium flagship experience with a bigger battery and, importantly, a lower price point than many of its direct competitors, making it an incredibly smart choice for anyone looking for top-tier performance without compromise. If you're in the market for a new smartphone and value unparalleled battery life, stunning visuals, and consistently smooth performance, the OnePlus 15 deserves your absolute attention. It sets a new standard, proving that a balanced approach, refined execution, and a focus on user experience can indeed lead to perfection.","Introduction: A New Benchmark for Flagship Phones Every year, the smartphone market buzzes with new releases promising innovation and perfection. Yet,...",Reviews,,published,varun ,2026-01-04T00:00:00.000Z,https://cdn.mos.cms.futurecdn.net/FjttS5pWH6Rvy55cvJyhjn.jpg,3,0,6 min read,"[""OnePlus 15"",""Smartphone Review"",""Best Battery Life"",""Flagship Phone"",""Android Phone"",""Tech Review"",""OnePlus"",""Perfect Score Phone""]",true,,{}
The Fold Awakens: Everything We Know About Apple's Upcoming iPhone Fold,"# The Fold Awakens: Everything We Know About Apple's Upcoming iPhone Fold

For over a decade, the concept of an Apple foldable device has lingered in the realm of speculation, a tantalizing 'what if' in the ever-evolving smartphone landscape. While competitors have already embraced the foldable form factor, Apple has remained steadfastly in the shadows, meticulously perfecting its approach.

But the whispers are growing louder, backed by concrete evidence and credible analyst reports. It appears Apple is indeed poised to make its grand entrance into the foldable market, and it promises to be nothing short of revolutionary. Get ready, because the iPhone Fold is on the horizon, set to redefine our interaction with the most iconic smartphone in history.

## The Unfolding Truth: Confirmation and Timeline

The most definitive proof of Apple's foldable ambitions arrived in July 2024 with the granting of a patent titled ""Electronic Devices With Durable Folding Displays."" While the patent was filed back in November 2021, its recent approval confirms years of dedicated research and development behind the scenes. This isn't just a concept anymore; it's a confirmed engineering endeavor.

When can we expect this marvel? The consensus among leading analysts like Ming-Chi Kuo and Jeff Pu points to a late 2026 launch. More specifically, reports suggest September 2026, positioning the iPhone Fold as a flagship entry within the iPhone 18 lineup. While some speculate a 2027 arrival, the momentum firmly points to 2026 being the year Apple finally introduces its folding smartphone to the world, roughly seven years after the first foldable hit the market.

## A Peek into the Design: What to Expect from the iPhone Fold

Curiosity about the iPhone Fold's design is understandably high, given it represents the biggest form factor change since the original iPhone debuted in 2007. The current rumors paint a picture of a sophisticated, book-style foldable device, a departure from the clamshell designs we've seen from some competitors.

When unfolded, the device is expected to boast a spacious 7.8-inch internal display, making it larger than any iPhone released to date and nearing the size of the original 7.9-inch iPad mini. Complementing this expansive inner screen will be a 5.5-inch outer display, providing a familiar and convenient interface when the phone is folded.

### Crease-Free Perfection: Apple's Signature Move

Perhaps the most exciting design detail, and a hallmark of Apple's meticulous engineering, is the rumored crease-free internal display. Apple has reportedly dedicated significant effort to solving the unsightly crease that plagues many existing foldables. This breakthrough is attributed to advanced display improvements and an innovative, durable hinge made from a combination of stainless steel and titanium alloy, potentially featuring Liquidmetal components. The result? A nearly invisible crease when the device is unfolded, promising a truly seamless viewing experience.

### Dimensions and Durability

Apple is known for its pursuit of thinness, and the iPhone Fold will be no exception. When fully unfolded, the device is projected to be incredibly slender, measuring between 4.5 and 4.8mm thick. Folded, it will naturally be thicker, sitting at an estimated 9 to 9.5mm – still remarkably compact for a device housing two screens and a sophisticated hinge mechanism.

## Power and Performance Under the Fold

Underneath its revolutionary design, the iPhone Fold is expected to pack serious power. It's rumored to feature the cutting-edge 2-nanometer A20 chip, which will also power Apple's other fall 2026 iPhones. This next-generation processor will ensure lightning-fast performance, seamless multitasking across its dual displays, and robust support for future applications.

Battery life is always a concern with foldables, but Apple is reportedly addressing this by incorporating high-density battery cells, similar to those expected in the ""ultra-thin iPhone 17."" This suggests a focus on maximizing power efficiency within the device's compact, foldable form factor.

## Rethinking Interaction: Cameras, Biometrics, and iOS

With a brand-new form factor comes significant changes to user interaction. The iPhone Fold is rumored to ditch the traditional notch or Dynamic Island. Instead, it might opt for a Touch ID side button, similar to some iPad models, potentially foregoing Face ID entirely. For selfies and video calls, a camera will be strategically placed in the top-left corner of the inner display, complemented by a pair of high-quality rear cameras.

The large, adaptable screen will undoubtedly necessitate significant updates to iOS, optimizing the user experience for both folded and unfolded states. Imagine new multitasking gestures, split-screen layouts, and app adaptations that truly leverage the expanded canvas. One exciting, though unconfirmed, possibility is support for the Apple Pencil, which could transform the iPhone Fold into a powerful, portable digital canvas or note-taking device.

## The Price of Innovation: A Premium Experience

Innovation often comes with a premium, and the iPhone Fold is expected to set a new record for iPhone pricing. Industry observers are predicting a starting price of at least $1,999. While this positions it at the very high end of the smartphone market, it's also anticipated to rapidly become the best-selling folding phone of all time, despite representing only a fraction of Apple's overall iPhone sales compared to its more standard Pro models.

## Beyond the Fold: The Bigger Picture for Apple

The iPhone Fold isn't just a new phone; it's a statement. It signals Apple's commitment to pushing design boundaries and once again attempting to redefine an entire product category. Its arrival in 2026 is part of a broader, ambitious roadmap for Apple, which is also rumored to include the introduction of LLM (Large Language Model) Siri, a low-cost MacBook, and potentially even a touchscreen Mac in the same year. There's also speculation that Apple might split its iPhone releases, with the Pro and Fold models debuting in September 2026, while the standard iPhone 18 might follow in 2027.

This strategic move into foldables demonstrates Apple's long-term vision, ensuring it remains at the forefront of mobile technology and continues to innovate in ways that captivate and inspire users worldwide. The foldable future, it seems, is finally unfolding with Apple's distinct touch.

## Key Rumored Specifications

| Feature                 | Rumored Details                                                                   |
| :---------------------- | :-------------------------------------------------------------------------------- |
| **Launch Date**         | September 2026 (part of iPhone 18 lineup)                                         |
| **Form Factor**         | Book-style foldable                                                               |
| **Inner Display Size**  | 7.8 inches (crease-free)                                                          |
| **Outer Display Size**  | 5.5 inches                                                                        |
| **Unfolded Thickness**  | 4.5-4.8 mm                                                                        |
| **Folded Thickness**    | 9-9.5 mm                                                                          |
| **Hinge Material**      | Stainless steel and titanium alloy, Liquidmetal (durable, nearly invisible crease) |
| **Processor**           | 2-nanometer A20 chip                                                              |
| **Battery**             | High-density cells (similar to iPhone 17 ultra-thin)                              |
| **Biometrics**          | Potentially Touch ID side button (no Face ID, notch, or Dynamic Island rumored)   |
| **Cameras**             | Selfie camera (top-left inner display), pair of rear cameras                      |
| **Starting Price**      | At least $1,999                                                                   |
| **Software Adaptation** | iOS updates required, Apple Pencil support unknown                                |

## Conclusion

The wait for an Apple foldable has been long, but based on the accumulating evidence and detailed rumors, it's clear that Apple is taking its time to deliver a product designed to set new standards. The iPhone Fold, with its rumored crease-free display, powerful A20 chip, and revolutionary form factor, promises to be more than just a new iPhone – it could be the next major leap in smartphone design. As 2026 approaches, the anticipation will only build, and we can't wait to see how Apple redefines the foldable experience.","The Fold Awakens: Everything We Know About Apple's Upcoming iPhone Fold For over a decade, the concept of an Apple foldable device has lingered in the...",Tech,Apple,published,varun ,2026-01-04T00:00:00.000Z,https://akm-img-a-in.tosshub.com/indiatoday/images/story/202503/foldable-iphone-214814607-16x9_0.png?VersionId=7Mf98T136CfnLjPjewur24o.sth47ALY,2,1,7 min read,"[""Apple"",""iPhone Fold"",""Foldable Phone"",""Tech Rumors"",""2026 iPhone"",""iPhone 18"",""Folding Smartphone"",""Crease-Free Display"",""A20 Chip""]",true,,{}
"Triumph Viper 400: A One-Off Icon of Style, Performance, and Purpose","## Table of Contents
1.  [The Allure of the Viper 400: An Introduction](#the-allure-of-the-viper-400-an-introduction)
2.  [Birth of a Bespoke Beast: Genesis and Collaboration](#birth-of-a-bespoke-beast-genesis-and-collaboration)
3.  [Design Philosophy: Aggression Meets Elegance](#design-philosophy-aggression-meets-elegance)  
4.  [Performance Credentials: Power Meets Precision](#performance-credentials-power-meets-precision)
5.  [Comfort, Ergonomics, and Everyday Usability](#comfort-ergonomics-and-everyday-usability)
6.  [The Philanthropic Ride: A Collector's Opportunity](#the-philanthropic-ride-a-collector's-opportunity)
7.  [Why the Viper 400 Resonates: A Legacy of Innovation](#why-the-viper-400-resonates-a-legacy-of-innovation)

## The Allure of the Viper 400: An Introduction

In the ever-evolving world of two-wheeled machines, certain creations rise above the ordinary, capturing imaginations and setting new benchmarks for design and purpose. The Triumph Viper 400 is precisely one such marvel. Far from being just another new model, this is a spectacular one-off showbike, a bespoke creation that embodies dynamic aggression, premium craftsmanship, and a compelling charitable mission.

Unveiled with significant fanfare at EICMA 2024 in Milan, Italy – one of the most prestigious global exhibitions dedicated to motorcycles – the Viper 400 immediately commanded attention. It's a machine that doesn't just promise an engaging ride; it tells a story of collaboration, artistry, and a commitment to making a difference. While some might categorize it within future model years like 2025 or 2026 due to its impact and ongoing auction, its heart beats as a singular, custom masterpiece.

![viper-400](https://www.motoo.com.br/fotos/2025/12/960_720/triumph-viper-400-1_04122025_66765_960_720.jpg)

## Birth of a Bespoke Beast: Genesis and Collaboration

At its core, the Viper 400 draws inspiration from the lively Triumph Speed 400, a machine already celebrated for its approachable performance and modern classic appeal. However, the Viper 400 takes this foundation in a completely new, more dynamic, and overtly aggressive direction. This transformation was the brainchild of Milanese atelier Noisy-Style, led by the visionary Luca Ravezzani, famously known as Noisy Boy.

To ensure the design was nothing short of extraordinary, Noisy-Style collaborated with the esteemed motorcycle designer Rodolfo Frascoli. Frascoli’s expertise provided crucial consultancy, guiding Luca's team through the various phases of the project, ensuring that every curve, every line, and every detail contributed to the bike's powerful aesthetic. The entire genesis and creation of this special one-off have been meticulously documented through a series of online videos, offering enthusiasts an exclusive, behind-the-scenes look at its metamorphosis from a standard Modern Classic to a captivating streetfighter.

## Design Philosophy: Aggression Meets Elegance

The most striking aspect of the Triumph Viper 400 is its design – a bold and muscular roadster aesthetic that instantly sets it apart. The objective was clear: to revisit the Speed 400's compact volumes with a new, dynamic, and unmistakably aggressive presence. This ethos is evident from every angle, blending classic Triumph identity with a contemporary edge.

### Visual Dynamics and Distinctive Details

The Viper 400 boasts sharp tank extensions, giving it a broader, more menacing shoulder line. A compact LED headlamp cuts through the night, while a minimalist tail section ensures the focus remains on the bike's performance-oriented stance. Exposed frame elements and a beautifully sculpted fuel tank further enhance its sporty proportions, creating a visual balance that is both sophisticated and raw. The distinctive “double” look, known to many enthusiasts, is artfully integrated, adding a layer of heritage to its futuristic appeal.

Color plays a vital role too, with exclusive details such as the famous Roulette Green adding a touch of unique flair. Premium paint finishes, sharp graphics, and high-quality body panels elevate the overall visual appeal, ensuring that the Viper 400 commands attention without appearing overtly flashy. It strikes a perfect balance between understated elegance and undeniable aggression, appealing to riders who appreciate careful craftsmanship and a bold statement.

![viper-400](https://media.triumphmotorcycles.co.uk/image/upload/f_auto/q_auto:eco/sitecoremedialibrary/media-library/images/news%20articles/global/2025/december/viper-400-1.jpg)

## Performance Credentials: Power Meets Precision

Beyond its arresting looks, the Triumph Viper 400 is engineered for an exhilarating and engaging riding experience. Built on a lightweight and rigid chassis, it’s tuned for agile handling and stability, making it versatile for both spirited rides and daily commutes.

### Engine and Drivetrain

At the heart of the Viper 400 lies a capable 400cc single-cylinder, liquid-cooled engine. This powerplant is designed to deliver strong mid-range torque and smooth power delivery, providing spirited acceleration and effortless cruising. Paired with a precise 6-speed manual transmission, it offers a sporty and engaging connection between rider and machine.

### Chassis and Handling

The Viper 400's dynamic capabilities are underpinned by a robust suspension setup. Upside-down (USD) front forks work in tandem with a rear monoshock to offer balanced suspension performance, absorbing road imperfections while maintaining composure during sporty maneuvers. Confidence-inspiring disc brakes, coupled with Dual ABS, ensure controlled and secure stopping power in various conditions.

| Feature             | Specification                        | Category        | Details                                        |
| :------------------ | :----------------------------------- | :-------------- | :--------------------------------------------- |
| **Engine**          | 400cc Single-Cylinder, Liquid-Cooled | Performance     | Strong Mid-Range Torque & Smooth Power         |
| **Transmission**    | 6-Speed Manual                       | Riding          | Sporty Acceleration & Easy Cruising            |
| **Suspension**      | USD Front / Rear Monoshock           | Handling        | Agile Control & Ride Stability                 |
| **Brakes**          | Disc Brakes with Dual ABS            | Safety          | Confident & Controlled Braking                 |
| **Chassis**         | Lightweight & Rigid                  | Handling        | Optimized for agility and stability            |
| **Headlamp**        | Compact LED                          | Design          | Modern aesthetic, excellent illumination       |

## Comfort, Ergonomics, and Everyday Usability

Despite its aggressive styling, the Triumph Viper 400 hasn't sacrificed rider comfort or everyday usability. The ergonomics are carefully considered, featuring an upright riding posture and wide handlebars. This setup ensures easy maneuverability in urban traffic while providing confidence and control at higher speeds. The optimized weight distribution further contributes to its balanced feel, making it approachable for a wide range of riders.

From quick city commutes to more relaxed highway runs, the Viper 400 is engineered to feel engaging without being intimidating. It presents itself as an ideal step-up bike for enthusiasts seeking a cohesive package of refinement, power, and commanding presence. Carrying the legacy of Triumph Motorcycles, this machine truly reflects a deep understanding of what modern riders expect in a truly special motorcycle.

## The Philanthropic Ride: A Collector's Opportunity

What makes the Triumph Viper 400 even more compelling is its noble purpose. This spectacular one-off collector’s item is currently live for auction, organized by the international specialist operator Charity Stars. The auction, hosted on charitystars.com, runs until December 19, 2025, and is open to an international audience with a starting price of €8,000 (including VAT).

The proceeds from the sale of this unique motorcycle will go to 'Save the Children', a globally recognized charity dedicated to improving the lives of children worldwide. This initiative, spearheaded by Triumph Motorcycles Italia, transforms the Viper 400 from a mere showpiece into a vehicle for positive change, allowing its future owner to not only acquire a piece of motorcycling artistry but also contribute to a vital cause.

## Why the Viper 400 Resonates: A Legacy of Innovation

The Triumph Viper 400 stands as a testament to the power of customization and collaboration within the motorcycle industry. It showcases how a solid base like the Speed 400 can be transformed into something truly distinctive, pushing boundaries of design and performance. Its unveiling at EICMA 2024 and subsequent auction for charity have cemented its status as a significant talking point in the motorcycling world.

For enthusiasts and collectors, the Viper 400 is more than just a bike; it's a statement piece, a blend of aggressive design and sophisticated engineering, and a unique opportunity to own a piece of Triumph history while supporting a worthy cause. It exemplifies Triumph's commitment to pushing creative limits and engaging with the community in meaningful ways, setting new standards for both comfort and performance in a truly unique package.
",Table of Contents 1. The Allure of the Viper 400: An Introduction 2. Birth of a Bespoke Beast: Genesis and Collaboration 3. Design Philosophy: Aggress...,Automobile,Bikes,published,varun ,2026-01-04T00:00:00.000Z,https://media.triumphmotorcycles.co.uk/image/upload/f_auto/q_auto:eco/sitecoremedialibrary/media-library/images/news%20articles/global/2025/december/viper-400-1.jpg,2,0,7 min read,"[""Triumph Viper 400"",""Custom Motorcycle"",""Speed 400"",""Noisy-Style"",""Rodolfo Frascoli"",""EICMA 2024"",""Charity Auction"",""Save the Children"",""One-Off Bike"",""Motorcycle Design"",""Roadster"",""Motorcycle Review"",""Collectible Motorcycle""]",,,{}
Unleash Your Inner Daredevil: The 2027 Triumph Tracker 400 Hits the Scene,"# Unleash Your Inner Daredevil: The 2027 Triumph Tracker 400 Hits the Scene

**Table of Contents**

*   [The Evolution of Triumph's 400 Range](#the-evolution-of-triumphs-400-range)
*   [Introducing the 2027 Triumph Tracker 400: A Flat-Track Icon](#introducing-the-2027-triumph-tracker-400-a-flat-track-icon)
    *   [Design Language: Stripped-Back Attitude](#design-language-stripped-back-attitude)
    *   [Power and Performance: The Heart of the Tracker](#power-and-performance-the-heart-of-the-tracker)
    *   [Chassis and Suspension: Engineered for Agility](#chassis-and-suspension-engineered-for-agility)
*   [Rider-Friendly: Accessible Fun for Everyone](#rider-friendly-accessible-fun-for-everyone)
*   [Pricing and Availability: Get Ready to Ride](#pricing-and-availability-get-ready-to-ride)
*   [2027 Triumph Tracker 400: Key Specifications](#2027-triumph-tracker-400-key-specifications)
*   [Why the Tracker 400 Matters: A New Chapter for Triumph](#why-the-tracker-400-matters-a-new-chapter-for-triumph)

--- 

## The Evolution of Triumph's 400 Range

In recent years, Triumph has masterfully carved out a significant niche in the sub-500cc motorcycle market with its critically acclaimed 400 range. Kicking off with the popular Speed 400 and Scrambler 400 X for the 2024 model year, these bikes quickly became a gateway for many new riders into the revered world of Triumph ownership. The line continued to grow with the introduction of the Scrambler 400 XC, designed to offer even more off-road capability, arriving for 2026. Now, building on this undeniable momentum and responding to rider demand for even more choice and style, Triumph is expanding the family once again with two exciting new additions: the iconic cafe racer-styled Thruxton 400 and the hotly anticipated, flat track-inspired 2027 Triumph Tracker 400.

These new models aren't just about expanding options; they represent a commitment to delivering distinctive character, engaging performance, and a sportier ride across the board. The 400 series has truly become a testament to Triumph's ability to blend heritage with contemporary engineering, offering accessible, fun, and stylish motorcycles to a new generation of riders.

## Introducing the 2027 Triumph Tracker 400: A Flat-Track Icon

The 2027 Triumph Tracker 400 is not just another motorcycle; it's a statement. For the first time, Triumph introduces a flat track-inspired machine, bringing that raw, stripped-back racing attitude directly to the streets. This bike is a clear homage to oval-track racing, designed to thrill with both its looks and its performance.

### Design Language: Stripped-Back Attitude

Visually, the Tracker 400 immediately grabs attention with its minimalist silhouette. Every element seems purposefully chosen to evoke the essence of a dirt-track racer. From the distinctive tracker-style fuel tank to the wide handlebars and the small, purposeful windscreen, the bike exudes a sense of readiness and aggression. A color-matched seat cowl further reinforces its sporty, single-rider focus, echoing the no-nonsense approach of a true flat tracker. The bike proudly wears its flat-track inspired heritage, even incorporating a number plate element into its design.

![triumph-tracker](https://acko-cms.ackoassets.com/Triumph_Tracker_400_31ddf73bc3.webp)

Adding to its authentic aesthetic are the spoked wheels, which come wrapped in Pirelli MT60 RS dual-purpose tires. These tires not only enhance the bike's dirt-track vibe but also hint at its versatile capability. Signature Triumph design elements are seamlessly integrated, including the classic round LED headlight that perfectly blends retro charm with modern illumination, powder-coated engine covers, exquisitely machined cooling fins, and twin upswept exhaust silencers that complete its distinctive profile.

### Power and Performance: The Heart of the Tracker

Beneath its stylish exterior lies a heart tuned for exhilarating performance. The Tracker 400 is powered by the latest TR-Series engine, which Triumph touts as its most powerful iteration yet in this segment. This liquid-cooled, 398cc single-cylinder engine has been meticulously tuned to deliver class-leading power figures. Riders can expect a robust 41.4 horsepower peaking at 9,000 RPM and a healthy 27.7 ft-lbs of torque arriving at 7,500 rpm. This potent powerplant is mated to a smooth and reliable six-speed gearbox, ensuring an engaging and responsive riding experience whether you're navigating city streets or carving through winding roads.

### Chassis and Suspension: Engineered for Agility

The Tracker 400 isn't just about raw power; it's built on a foundation designed for agility and confident handling. It features a new tubular-steel main frame, offering a robust and precise base. While sharing some structural similarities with its sibling, the Thruxton 400, the Tracker's subframe and suspension setups are distinctly tailored to its flat-track persona. Upfront, a capable 43mm inverted big-piston fork provides a generous 5.5 inches of travel, offering excellent bump absorption and stability. At the rear, a gas monoshock with preload adjustment ensures a balanced and controlled ride, providing 5.1 inches of wheel travel. This thoughtful suspension package, combined with its distinct frame, gives the Tracker 400 its unique ride characteristics.

## Rider-Friendly: Accessible Fun for Everyone

Despite its aggressive styling and sporty performance, the 2027 Triumph Tracker 400 doesn't intimidate. One of its standout qualities is its inherent rider-friendliness. Triumph has engineered this bike to be incredibly approachable, making it an excellent choice for those new to motorcycling or for experienced riders seeking an agile and fun machine for daily commutes and weekend adventures. It truly offers an affordable and exciting launching point into the premium Triumph ownership experience, proving that a high-performance machine can also be incredibly accessible and enjoyable for a broad range of skill levels.

https://media.zigcdn.com/media/content/2025/Dec/69423cb06ee80.png?tr=w-420

## Pricing and Availability: Get Ready to Ride

The wait won't be long for eager riders. The 2027 Triumph Tracker 400 is slated to roll into dealerships starting in April 2026. With a compelling starting price of just $5,995, Triumph has ensured that this exciting new flat-track inspired machine is within reach for a wide audience, offering exceptional value for its blend of style, performance, and brand pedigree.

## 2027 Triumph Tracker 400: Key Specifications

To give you a clearer picture, here's a quick overview of some of the key specifications for the new Tracker 400:

| Feature             | Specification                                      |
| :------------------ | :------------------------------------------------- |
| **Model Year**      | 2027                                               |
| **Engine Type**     | 398cc Liquid-cooled, single-cylinder TR-Series     |
| **Horsepower**      | 41.4 hp @ 9,000 RPM                                |
| **Torque**          | 27.7 ft-lbs @ 7,500 RPM                            |
| **Transmission**    | 6-speed gearbox                                    |
| **Front Suspension**| 43mm inverted big-piston fork                      |
| **Front Travel**    | 5.5 inches (140mm)                                 |
| **Rear Suspension** | Gas monoshock with preload adjustment              |
| **Rear Travel**     | 5.1 inches (130mm)                                 |
| **Wheels**          | Spoked with Pirelli MT60 RS dual-purpose tires     |
| **Frame**           | New tubular-steel main frame                       |
| **Starting Price**  | $5,995                                             |
| **Availability**    | April 2026 (dealerships)                           |

## Why the Tracker 400 Matters: A New Chapter for Triumph

The introduction of the 2027 Triumph Tracker 400 marks an exciting chapter for the brand. It demonstrates Triumph's unwavering commitment to innovation and to meeting the evolving desires of the motorcycling community. By venturing into the flat track-inspired segment within its successful 400cc platform, Triumph is offering something truly unique: a motorcycle that combines iconic styling with contemporary performance, all wrapped up in a rider-friendly package. It promises more fun, more style, and an even sportier ride for enthusiasts and newcomers alike. Get ready to experience the thrill of the track, reimagined for the road, with the incredible new Triumph Tracker 400.

---",Unleash Your Inner Daredevil: The 2027 Triumph Tracker 400 Hits the Scene Table of Contents The Evolution of Triumph's 400 Range Introducing the 2027 ...,Automobile,Bikes,published,varun ,2026-01-04T00:00:00.000Z,https://asset.autocarindia.com/static/editor/images/20251217_075421_184b3096.jpg,1,1,6 min read,"[""Triumph"",""Tracker 400"",""2027 Triumph Tracker 400"",""Flat Track Motorcycle"",""New Triumph Bike"",""Motorcycle Review"",""TR-Series Engine"",""400cc Motorcycle"",""Bike Launch"",""Triumph Modern Classics""]",true,,{}
Xiaomi 17 Ultra: A Leica-Powered Revolution in Smartphone Photography and Design,"## Table of Contents
*   [Unveiling the Future: Introduction to Xiaomi 17 Ultra](#unveiling-the-future-introduction-to-xiaomi-17-ultra)
*   [The Camera Redefined: A Leica Masterpiece](#the-camera-redefined-a-leica-masterpiece)
    *   [The Unrivaled Sensor: Light Fusion 1050L](#the-unrivaled-sensor-light-fusion-1050l)
    *   [Zoom Without Limits: The 200MP Periscope Telephoto](#zoom-without-limits-the-200mp-periscope-telephoto)
    *   [Completing the Vision: Ultrawide and Leica Aesthetics](#completing-the-vision-ultrawide-and-leica-aesthetics)
*   [Design Evolution: A Flat Display and Ultra-Slim Profile](#design-evolution-a-flat-display-and-ultra-slim-profile)
    *   [Breaking Tradition: The Flat Screen](#breaking-tradition-the-flat-screen)
    *   [Engineering Elegance: Thinnest Ultra Yet](#engineering-elegance-thinnest-ultra-yet)
*   [Under the Hood: Power, Performance, and Premium Features](#under-the-hood-power-performance-and-premium-features)
    *   [Endurance Unleashed: The 6800mAh Battery](#endurance-unleashed-the-6800mah-battery)
    *   [Immersive Audio and Visuals](#immersive-audio-and-visuals)
*   [The Exclusive Leica Edition: A Collector's Dream](#the-exclusive-leica-edition-a-collectors-dream)
*   [Availability and Final Thoughts](#availability-and-final-thoughts)

## Unveiling the Future: Introduction to Xiaomi 17 Ultra

The world of smartphones is constantly pushing boundaries, and Xiaomi has once again demonstrated its prowess with the official unveiling of the Xiaomi 17 Ultra. Introduced at a bustling Beijing launch event alongside other smart devices like the Xiaomi Watch 5 Series and Buds 6, this flagship smartphone isn't just an incremental update; it's a strategic leap forward, particularly in the realm of mobile photography and sophisticated design. This device represents the culmination of an intensified partnership with Leica, marking the first product born from their new “Strategic Co-creation Model.” From its inception, the Xiaomi 17 Ultra has integrated Leica's century-old expertise in professional optics and their distinct aesthetic philosophy, promising an unparalleled user experience. Get ready to explore a device that is poised to redefine expectations for what a premium smartphone can achieve.

![xiaomi-17-ultra](https://platform.theverge.com/wp-content/uploads/sites/2/2025/12/xiaomi-17-ultra-leica-edition-main.jpg?quality=90&strip=all&crop=0,10.732984293194,100,78.534031413613)

## The Camera Redefined: A Leica Masterpiece

At the heart of the Xiaomi 17 Ultra's appeal is its meticulously crafted camera system, a direct result of the deepened collaboration with Leica. This isn't just about putting a Leica badge on a phone; it's about integrating their optical excellence from the ground up, delivering professional-grade imagery directly into your pocket. The Xiaomi 17 Ultra boasts a triple camera setup that is nothing short of revolutionary.

### The Unrivaled Sensor: Light Fusion 1050L

The primary camera on the Xiaomi 17 Ultra features a massive 1-inch size Light Fusion 1050L sensor. This 50MP powerhouse incorporates advanced LOFIC (Lateral OverFlow Integration Capacitor) technology, ensuring exceptional dynamic range and low-light performance. A 1-inch sensor is a game-changer in mobile photography, capturing significantly more light and detail than smaller sensors, resulting in breathtaking photos with rich textures and accurate colors. This choice highlights Xiaomi's commitment to cutting-edge technology, ensuring users get the very best in image capture, going beyond mere sensor size to optimize for superior image quality.

### Zoom Without Limits: The 200MP Periscope Telephoto

Beyond the primary lens, the Xiaomi 17 Ultra introduces a groundbreaking 200MP Samsung HPE 1/1.4-inch periscope telephoto unit. This isn't just about a high megapixel count; it offers continuous optical zoom, allowing users to achieve incredible detail and clarity even from a distance. Whether you're capturing distant landscapes, architectural details, or candid moments, this telephoto lens ensures your shots are sharp, vibrant, and free from the compromises often associated with digital zoom. The Leica APO certification further assures users of superior optical correction, reducing chromatic aberrations and delivering images with outstanding clarity and contrast.

### Completing the Vision: Ultrawide and Leica Aesthetics

Rounding out the triple camera system is a versatile 50MP ultrawide camera, complete with autofocus. This lens is perfect for expansive landscapes, group shots, or creative compositions that require a broader perspective. The integration of autofocus ensures sharpness across the frame, a crucial detail often overlooked in ultrawide lenses.

The entire camera system benefits from Leica's distinct aesthetic philosophy, offering various ""Leica Moment"" modes. For instance, the Leica Edition of the phone includes special modes that capture images in a classic 3:2 aspect ratio, appealing to photography purists and adding a unique artistic touch to your shots.

Here's a quick look at the core camera specifications:

| Feature                   | Specification                                  |
| :------------------------ | :--------------------------------------------- |
| **Primary Sensor**        | 50MP, 1-inch Light Fusion 1050L with LOFIC   |
| **Telephoto Sensor**      | 200MP, Samsung HPE 1/1.4-inch Periscope, Continuous Optical Zoom, Leica APO certified |
| **Ultrawide Sensor**      | 50MP with Autofocus                            |
| **Leica Partnership**     | Strategic Co-creation Model, Aesthetic Philosophy |
| **Special Modes**         | Leica Moment modes (e.g., 3:2 aspect ratio)    |

![Xiaomi-17-ultra-Camera-module](https://leicarumors.com/wp-content/uploads/2025/12/Xiaomi-17-Ultra-Leica-Edition-smartphone-18.jpg)

## Design Evolution: A Flat Display and Ultra-Slim Profile

While the cameras steal the show, the Xiaomi 17 Ultra also introduces significant design innovations that enhance both aesthetics and ergonomics. Xiaomi has listened to user feedback and pushed the boundaries of engineering to create a device that is as beautiful to hold as it is powerful to use.

### Breaking Tradition: The Flat Screen

In a notable departure from previous Ultra models, which typically featured curved displays, the Xiaomi 17 Ultra is the first in its line to boast a flat display. This design choice caters to users who prefer the practicality and visual consistency of a flat screen, offering a more traditional yet equally premium viewing experience. A Real RGB panel underpins this display, ensuring exceptional color accuracy, clarity, and sharpness, thanks to each pixel having its own dedicated red, green, and blue sub-pixel, a significant upgrade over traditional Pentile RGB panels.

### Engineering Elegance: Thinnest Ultra Yet

Achieving a slender profile without compromising on features is a hallmark of premium device design, and the Xiaomi 17 Ultra excels here. At just 8.29mm thick, it proudly holds the title of the slimmest Ultra model Xiaomi has ever released. This impressive feat was accomplished through a series of thoughtful design refinements, including a micro-curved aluminum alloy frame, increased body curves, a reduced camera module diameter, and higher camera module placement. These intricate details contribute not only to its svelte form factor but also to a more comfortable in-hand feel, all while maintaining a substantial battery.

## Under the Hood: Power, Performance, and Premium Features

Beyond its stunning cameras and sleek design, the Xiaomi 17 Ultra is engineered to deliver top-tier performance and a host of premium features that elevate the user experience.

### Endurance Unleashed: The 6800mAh Battery

Despite its remarkably slim 8.29mm profile, the Xiaomi 17 Ultra manages to house a substantial 6800mAh battery. This impressive capacity ensures extended usage, allowing you to power through your day without constantly searching for a charger. It's a testament to Xiaomi's engineering prowess that they could integrate such a large power cell into such a svelte body, making it the highest capacity in the Ultra series to date.

### Immersive Audio and Visuals

For an immersive multimedia experience, the Xiaomi 17 Ultra applies upgraded dual stereo speakers. These are complemented by brand-new AI noise reduction technology, delivering solid sound performance whether you're watching movies, playing games, or making calls. Paired with its vibrant Real RGB flat display, the 17 Ultra promises a truly engaging sensory experience.

## The Exclusive Leica Edition: A Collector's Dream

For enthusiasts and photography aficionados, Xiaomi has also unveiled a special 17 Ultra Leica Edition. This exclusive variant goes beyond the standard model, offering a unique design and an array of premium accessories. It features a mechanical zoom ring, providing a tactile and intuitive control experience reminiscent of traditional cameras.

The Leica Edition also integrates a dedicated security and encryption chip, enhancing data protection, and boasts dual-satellite communication capabilities, ensuring connectivity even in remote areas. Furthermore, it arrives in a special presentation box, complete with a lens cap, a stylish lanyard, a magnetic case, and a cleaning cloth – everything a discerning user would appreciate for their mobile photography kit. This edition will be available in elegant Black and Off-White color options.

## Availability and Final Thoughts

The Xiaomi 17 Ultra, including its Leica Edition, was officially announced on December 25, 2025, with sales commencing in China just two days later, on December 27, via the official Xiaomi online store. As a flagship device, it aims to compete at the very top tier of the smartphone market, offering an unparalleled blend of photographic excellence, refined design, and robust performance.

With its game-changing Leica co-engineered camera system, including the colossal 1-inch sensor and 200MP optical zoom telephoto, coupled with its elegant flat display and ultra-slim yet power-packed design, the Xiaomi 17 Ultra isn't just a phone; it's a statement. It's for those who demand the absolute best in mobile technology and want to capture the world with professional-grade precision and artistry. This is more than just a smartphone; it's a portable creative studio, ready to inspire and capture your next masterpiece.",Table of Contents Unveiling the Future: Introduction to Xiaomi 17 Ultra The Camera Redefined: A Leica Masterpiece The Unrivaled Sensor: Light Fusion 1...,Tech,Android,published,varun ,2026-01-04T00:00:00.000Z,https://i.ytimg.com/vi/Gtyb_rVFHSw/maxresdefault.jpg,2,1,7 min read,"[""Xiaomi 17 ultra "",""Simulation"",""Demo"",""mi 17 ultra"",""Simulation"",""Demo"",""mi 17 ultra"",""Simulation"",""Demo"",""mi 17 ultra"",""Simulation"",""Demo"","" mi 17 ultra"",""Simulation"",""Error"","" mi 17 ultra"",""Simulation"",""Error"",""Xiaomi 17 Ultra"",""Leica Camera"",""Smartphone Photography"",""1-inch Sensor"",""200MP Telephoto"",""Flagship Phone"",""Android"",""Flat Display"",""6800mAh Battery"",""Mobile Tech""]",,high,{}